"subreddit","avg_score"
"technology","5255.1575342465753425"
"stocks","756.4391891891891892"
"cars","436.4333333333333333"
"teslamotors","341.2080536912751678"
"electricvehicles","227.2953020134228188"
"investing","201.8175675675675676"
